player,team,position,Cluster,goals_per90,assists_per90,xg_per90,xg_assist_per90,progressive_carries_x,progressive_passes_x,progressive_passes_received_x,shots_on_target_per90,goals_per_shot,passes_completed,passes_pct,passes_into_final_third,passes_into_penalty_area,tackles,tackles_won,interceptions,blocks,touches_att_3rd,touches_att_pen_area,carries_into_penalty_area,aerials_won,aerials_won_pct
Aaron Cresswell,West Ham,DF,1,0.0,0.0,0.02,0.17,4,24,2,0.0,0.0,355,80.7,40,4,8,4,6,7,68,1,0,7,53.8
Aaron Ramsdale,Southampton,GK,1,0.0,0.0,0.0,0.0,0,0,0,0.0,0.0,715,64.6,33,1,0,0,2,0,0,0,0,5,100.0
Aaron Wan-Bissaka,West Ham,DF,3,0.06,0.06,0.04,0.09,98,125,139,0.16,0.13,1277,81.1,89,30,61,43,59,31,531,40,12,22,43.1
Abdoulaye Doucouré,Everton,MF,3,0.11,0.04,0.14,0.09,40,78,91,0.33,0.1,676,79.6,44,14,45,27,9,30,385,59,8,29,40.3
Abdukodir Khusanov,Manchester City,DF,1,0.0,0.0,0.0,0.02,1,25,2,0.0,0.0,360,91.1,23,0,5,4,3,5,31,1,0,6,60.0
Abdul Fatawu Issahaku,Leicester City,FW,2,0.0,0.31,0.06,0.24,42,17,60,0.78,0.0,123,62.4,7,7,21,15,4,7,157,26,15,14,51.9
Adam Armstrong,Southampton,"FW,MF",2,0.14,0.14,0.24,0.09,25,21,79,0.5,0.08,231,80.2,10,8,12,3,3,6,192,49,6,5,35.7
Adam Lallana,Southampton,MF,1,0.0,0.5,0.04,0.23,6,24,10,0.0,0.0,221,85.0,21,9,8,5,5,4,73,6,0,2,50.0
Adam Smith,Bournemouth,DF,1,0.0,0.0,0.04,0.02,12,40,31,0.0,0.0,436,75.7,41,8,21,10,14,12,162,6,0,12,48.0
Adam Webster,Brighton,DF,1,0.0,0.0,0.0,0.07,7,40,2,0.15,0.0,429,85.6,32,2,8,5,14,12,22,8,0,17,81.0
Adam Wharton,Crystal Palace,MF,1,0.0,0.14,0.02,0.21,14,105,10,0.36,0.0,521,75.6,73,18,34,14,18,10,198,10,2,7,30.4
Adama Traoré,Fulham,"FW,MF",0,0.11,0.34,0.22,0.27,89,61,145,0.62,0.05,386,72.0,32,33,17,12,1,7,424,88,33,24,48.0
Albert Grønbaek,Southampton,"FW,MF",1,0.0,0.0,0.07,0.01,1,1,3,0.0,0.0,13,72.2,2,0,4,1,0,1,15,2,1,2,100.0
Alejandro Garnacho,Manchester Utd,"MF,FW",0,0.22,0.04,0.31,0.16,134,54,274,1.23,0.06,600,79.1,20,22,28,18,13,19,636,164,65,3,11.5
Alex Iwobi,Fulham,"FW,MF",0,0.29,0.19,0.15,0.22,135,199,224,0.9,0.14,1057,74.4,107,78,39,23,13,25,831,109,37,6,16.2
Alex McCarthy,Southampton,GK,1,0.0,0.0,0.0,0.0,0,0,0,0.0,0.0,117,75.0,5,0,0,0,0,0,0,0,0,2,100.0
Alex Palmer,Ipswich Town,GK,1,0.0,0.0,0.0,0.0,0,1,0,0.0,0.0,241,67.7,7,0,0,0,0,0,0,0,0,4,100.0
Alex Scott,Bournemouth,MF,1,0.0,0.0,0.08,0.11,15,49,33,0.63,0.0,265,83.1,37,4,26,13,10,17,133,18,3,7,50.0
Alexander Isak,Newcastle Utd,FW,0,0.8,0.22,0.69,0.15,77,77,196,1.34,0.22,459,74.0,32,26,12,5,3,18,545,175,43,25,34.2
Alexis Mac Allister,Liverpool,MF,3,0.18,0.14,0.1,0.16,34,170,78,0.46,0.13,1245,83.4,118,34,95,58,22,60,624,60,5,19,35.8
Ali Al Hamadi,Ipswich Town,FW,1,0.0,0.0,0.24,0.05,4,3,14,0.0,0.0,25,83.3,0,0,1,0,0,0,30,9,4,5,35.7
Alisson,Liverpool,GK,1,0.0,0.0,0.0,0.02,0,0,0,0.0,0.0,630,83.1,10,0,1,0,0,0,0,0,0,6,100.0
Alphonse Areola,West Ham,GK,1,0.0,0.0,0.0,0.0,0,0,0,0.0,0.0,615,70.4,9,0,2,2,0,0,0,0,0,2,100.0
Altay Bayındır,Manchester Utd,GK,1,0.0,0.0,0.0,0.0,0,0,0,0.0,0.0,32,52.5,1,0,0,0,0,0,0,0,0,1,50.0
Amad Diallo,Manchester Utd,"FW,MF",0,0.34,0.34,0.23,0.22,92,53,159,0.73,0.15,658,82.9,25,29,33,26,11,10,504,109,52,9,37.5
Amadou Onana,Aston Villa,MF,3,0.2,0.0,0.14,0.02,21,60,14,0.39,0.18,607,88.5,56,9,47,24,24,14,133,21,1,27,60.0
Andreas Pereira,Fulham,MF,2,0.1,0.19,0.17,0.21,27,99,78,0.38,0.06,641,68.9,64,19,22,12,8,16,511,39,8,12,36.4
Andrew Robertson,Liverpool,DF,3,0.0,0.0,0.04,0.16,58,165,95,0.08,0.0,1456,83.0,144,28,38,22,20,9,578,50,6,6,33.3
André,Wolves,MF,3,0.0,0.0,0.02,0.03,8,95,11,0.04,0.0,1111,92.8,101,4,80,48,32,41,132,3,0,2,25.0
André Onana,Manchester Utd,GK,1,0.0,0.0,0.0,0.01,0,1,0,0.0,0.0,920,73.1,24,0,1,1,0,0,0,0,0,6,100.0
Andrés García,Aston Villa,"DF,MF",1,0.0,0.0,0.01,0.05,26,15,28,0.0,0.0,174,86.6,9,8,9,5,2,2,112,2,2,0,0.0
Andy Irving,West Ham,MF,1,0.0,0.0,0.06,0.13,0,9,4,1.08,0.0,109,87.9,14,1,7,4,1,5,24,0,0,1,50.0
Anthony Elanga,Nott'ham Forest,"FW,MF",0,0.25,0.38,0.17,0.2,84,52,177,0.8,0.16,452,64.9,27,24,17,12,5,11,566,94,41,22,40.0
Anthony Gordon,Newcastle Utd,FW,0,0.25,0.2,0.33,0.2,109,92,194,0.65,0.09,661,73.1,59,50,31,17,6,24,630,123,55,5,41.7
Antoine Semenyo,Bournemouth,FW,0,0.28,0.15,0.29,0.18,133,106,259,1.14,0.08,737,73.2,48,44,53,34,10,59,824,176,65,61,45.9
Antonee Robinson,Fulham,DF,3,0.0,0.3,0.02,0.12,114,123,265,0.06,0.0,1523,76.6,113,54,90,57,57,37,763,67,29,45,64.3
Antony,Manchester Utd,"DF,MF",2,0.0,0.0,0.65,0.08,5,6,7,1.91,0.0,56,81.2,1,5,6,3,2,2,54,8,1,0,0.0
Antonín Kinský,Tottenham,GK,1,0.0,0.0,0.0,0.02,1,1,0,0.0,0.0,116,80.0,2,0,3,1,0,0,0,0,0,2,100.0
Archie Gray,Tottenham,"DF,MF",1,0.0,0.0,0.0,0.01,5,32,15,0.06,0.0,912,88.6,37,0,12,6,12,19,82,2,0,9,52.9
Arijanet Muric,Ipswich Town,GK,1,0.0,0.0,0.0,0.0,0,1,0,0.0,0.0,454,71.7,14,0,0,0,0,0,0,0,0,11,91.7
Armando Broja,Everton,FW,1,0.0,0.0,0.03,0.05,12,2,26,0.0,0.0,53,72.6,3,0,3,1,1,3,72,18,3,18,46.2
Armel Bella Kotchap,Southampton,DF,1,0.0,0.0,0.09,0.0,0,5,0,0.0,0.0,202,90.2,6,0,7,5,5,2,3,1,0,6,54.5
Ashley Young,Everton,"DF,FW",3,0.06,0.17,0.01,0.09,20,83,27,0.17,0.17,610,69.9,72,18,51,29,23,10,280,9,1,10,47.6
Axel Disasi,Chelsea,DF,1,0.25,0.0,0.07,0.02,6,16,2,0.25,0.5,266,90.8,20,2,7,4,2,4,40,2,0,5,71.4
Axel Disasi,Aston Villa,DF,1,0.0,0.0,0.02,0.07,10,16,5,0.0,0.0,243,86.8,14,3,8,5,5,4,29,6,2,8,57.1
Axel Tuanzebe,Ipswich Town,DF,1,0.0,0.06,0.01,0.02,9,46,8,0.0,0.0,538,83.0,50,3,29,17,21,18,108,6,1,16,50.0
Ayden Heaven,Manchester Utd,DF,1,0.0,0.0,0.0,0.0,1,2,1,0.0,0.0,40,81.6,2,0,3,3,1,2,3,1,0,1,33.3
Bart Verbruggen,Brighton,GK,1,0.0,0.03,0.0,0.0,0,2,0,0.0,0.0,919,78.0,17,1,0,0,0,1,0,0,1,10,90.9
Ben Brereton,Southampton,FW,1,0.0,0.0,0.18,0.02,12,9,42,0.2,0.0,128,77.1,9,2,3,2,0,2,112,20,4,9,56.3
Ben Chilwell,Crystal Palace,DF,1,0.0,0.0,0.05,0.13,2,3,10,0.65,0.0,45,65.2,4,2,4,4,4,3,25,1,0,3,50.0
Ben Davies,Tottenham,DF,1,0.0,0.0,0.02,0.02,13,49,6,0.09,0.0,745,89.4,41,2,13,9,11,23,44,12,0,41,53.9
Ben Godfrey,Ipswich Town,DF,1,0.0,0.0,0.0,0.0,2,4,1,0.0,0.0,47,82.5,5,1,1,0,2,1,9,1,0,3,100.0
Ben Johnson,Ipswich Town,"DF,FW",1,0.07,0.13,0.07,0.09,16,26,33,0.2,0.14,296,71.5,21,3,38,22,13,22,163,12,3,19,51.4
Ben Mee,Brentford,DF,1,0.0,0.0,0.0,0.0,3,11,2,0.0,0.0,93,77.5,10,0,2,2,4,3,11,3,1,5,50.0
Ben White,Arsenal,DF,1,0.0,0.1,0.04,0.08,11,44,28,0.1,0.0,449,83.6,39,8,13,9,15,9,165,20,3,15,75.0
Benoît Badiashile,Chelsea,DF,1,0.0,0.0,0.0,0.0,3,17,2,0.0,0.0,273,89.8,37,1,9,6,6,2,13,0,0,8,80.0
Bernardo Silva,Manchester City,"MF,FW",0,0.11,0.15,0.12,0.16,94,115,184,0.37,0.11,1370,87.1,75,33,52,34,20,33,777,131,31,5,33.3
Bernd Leno,Fulham,GK,1,0.0,0.03,0.0,0.0,0,0,0,0.0,0.0,1060,81.5,16,2,2,2,0,1,0,0,0,9,100.0
Beto,Everton,FW,2,0.5,0.0,0.47,0.06,12,10,66,1.42,0.18,124,57.1,5,4,14,6,3,8,204,72,9,78,45.9
Bilal El Khannouss,Leicester City,MF,3,0.09,0.13,0.05,0.18,71,119,83,0.27,0.07,735,75.2,83,28,46,26,6,21,416,33,12,19,48.7
Billy Gilmour,Brighton,MF,1,0.0,0.0,0.07,0.0,2,11,2,0.0,0.0,58,86.6,12,2,3,3,0,1,13,0,0,0,0.0
Bobby De Cordova-Reid,Leicester City,FW,1,0.12,0.24,0.1,0.15,14,15,48,0.36,0.14,145,70.4,9,5,9,4,0,6,109,16,6,6,30.0
Boubacar Kamara,Aston Villa,MF,3,0.0,0.0,0.02,0.05,16,74,7,0.06,0.0,738,89.2,82,8,49,20,17,17,118,8,1,17,42.5
Boubakary Soumaré,Leicester City,MF,3,0.0,0.0,0.01,0.02,31,95,21,0.0,0.0,985,86.7,90,13,33,18,24,20,150,17,3,20,69.0
Brajan Gruda,Brighton,"FW,MF",1,0.0,0.53,0.07,0.22,16,17,47,0.36,0.0,138,73.4,7,10,14,6,2,8,141,33,10,3,42.9
Brandon Austin,Tottenham,GK,1,0.0,0.0,0.0,0.0,0,0,0,0.0,0.0,22,68.8,0,0,0,0,0,0,0,0,0,2,100.0
Brennan Johnson,Tottenham,FW,0,0.48,0.13,0.43,0.1,57,70,194,0.86,0.21,438,71.0,25,35,39,26,4,25,466,120,32,7,25.9
Bruno Fernandes,Manchester Utd,MF,0,0.26,0.29,0.31,0.25,65,281,118,0.82,0.06,1522,75.2,176,73,76,47,25,32,888,71,11,21,42.9
Bruno Guimarães,Newcastle Utd,MF,3,0.12,0.19,0.12,0.17,53,241,79,0.28,0.11,1305,82.1,158,67,71,41,27,33,578,71,11,17,51.5
Bryan Mbeumo,Brentford,FW,0,0.53,0.18,0.32,0.23,114,126,306,0.88,0.19,779,66.7,54,55,44,29,14,22,876,144,67,32,31.7
Bukayo Saka,Arsenal,"FW,MF",0,0.35,0.58,0.37,0.4,82,62,233,1.17,0.09,488,75.2,13,32,24,13,3,21,639,146,45,8,29.6
Caleb Okoli,Leicester City,DF,1,0.08,0.0,0.05,0.0,3,32,2,0.16,0.25,558,86.4,21,1,25,14,15,24,35,10,0,23,52.3
Callum Hudson-Odoi,Nott'ham Forest,"FW,MF",0,0.21,0.08,0.1,0.11,127,66,186,0.71,0.14,674,82.2,36,31,20,14,13,11,595,72,45,3,23.1
Callum Wilson,Newcastle Utd,FW,1,0.0,0.0,0.11,0.02,5,3,11,0.0,0.0,27,69.2,1,0,2,2,1,2,28,15,5,2,14.3
Calvin Bassey,Fulham,DF,3,0.03,0.0,0.03,0.0,36,107,15,0.12,0.07,1822,89.8,143,2,52,33,18,37,124,19,5,40,56.3
Cameron Archer,Southampton,FW,2,0.13,0.0,0.33,0.02,19,14,64,0.59,0.07,189,81.1,6,7,11,7,2,5,145,50,14,8,22.2
Cameron Burgess,Ipswich Town,DF,1,0.0,0.12,0.04,0.03,2,41,4,0.06,0.0,590,80.9,45,4,15,10,14,18,47,23,0,43,66.2
Caoimhín Kelleher,Liverpool,GK,1,0.0,0.0,0.0,0.0,0,0,0,0.0,0.0,289,75.7,6,0,0,0,0,0,0,0,0,1,100.0
Carlos Alcaraz,Everton,"FW,MF",2,0.16,0.31,0.21,0.23,15,37,17,0.93,0.05,184,79.0,15,18,11,5,4,6,130,15,2,12,66.7
Carlos Baleba,Brighton,MF,3,0.12,0.04,0.12,0.05,40,111,26,0.43,0.08,1018,87.7,103,22,71,41,40,43,293,11,3,38,62.3
Carlos Forbs,Wolves,"MF,FW",1,0.0,0.0,0.05,0.01,10,8,28,0.0,0.0,60,65.9,2,3,8,5,1,3,60,13,8,1,25.0
Carlos Soler,West Ham,"MF,FW",1,0.07,0.07,0.11,0.08,16,52,33,0.47,0.04,530,85.1,41,11,13,10,8,19,187,22,4,9,45.0
Casemiro,Manchester Utd,MF,3,0.07,0.0,0.11,0.15,4,70,26,0.54,0.04,670,78.5,68,20,77,46,12,33,217,38,0,31,64.6
Chadi Riad,Crystal Palace,DF,1,0.0,0.0,0.0,0.0,2,7,0,0.0,0.0,70,85.4,8,1,5,2,2,0,1,0,0,2,33.3
Charlie Taylor,Southampton,DF,1,0.0,0.0,0.0,0.03,3,8,6,0.0,0.0,154,87.0,8,2,7,5,3,5,36,1,0,4,66.7
Cheick Doucouré,Crystal Palace,MF,1,0.0,0.0,0.08,0.0,2,19,7,0.0,0.0,174,85.3,17,3,16,8,11,4,45,4,1,5,50.0
Chiedozie Ogbene,Ipswich Town,FW,1,0.0,0.0,0.0,0.03,7,0,15,0.0,0.0,32,74.4,0,0,7,3,1,1,40,6,2,1,14.3
Chris Richards,Crystal Palace,DF,1,0.06,0.0,0.07,0.01,5,34,1,0.29,0.1,583,81.1,20,0,42,27,10,35,56,15,0,33,48.5
Chris Wood,Nott'ham Forest,FW,2,0.66,0.1,0.4,0.08,13,34,79,1.04,0.3,277,66.1,15,8,4,4,5,11,267,85,5,82,40.0
Christian Eriksen,Manchester Utd,MF,1,0.0,0.09,0.03,0.24,10,49,29,0.09,0.0,548,79.5,53,8,19,9,7,13,246,13,0,2,28.6
Christian Nørgaard,Brentford,MF,3,0.18,0.07,0.14,0.03,12,126,34,0.4,0.15,1012,81.7,124,23,73,45,43,48,293,51,4,42,59.2
Christian Walton,Ipswich Town,GK,1,0.0,0.0,0.0,0.0,0,0,0,0.0,0.0,152,67.3,1,0,0,0,0,0,0,0,0,2,100.0
Christopher Nkunku,Chelsea,FW,2,0.29,0.2,0.47,0.21,17,25,68,1.07,0.12,299,89.5,26,7,12,8,7,9,217,52,13,16,42.1
Cody Gakpo,Liverpool,FW,0,0.5,0.17,0.35,0.19,48,51,240,1.11,0.18,415,76.0,22,26,26,14,11,19,486,87,18,15,40.5
Cole Palmer,Chelsea,MF,0,0.45,0.25,0.5,0.3,103,194,165,1.27,0.1,1019,76.9,145,61,25,16,8,14,804,126,35,1,12.5
Conor Bradley,Liverpool,DF,1,0.0,0.17,0.1,0.08,26,25,27,0.51,0.0,358,83.8,20,3,11,8,3,4,140,33,7,7,53.8
Conor Chaplin,Ipswich Town,"MF,FW",1,0.13,0.13,0.15,0.09,11,26,20,0.38,0.08,186,72.7,20,7,12,5,3,8,104,12,0,2,18.2
Conor Coady,Leicester City,DF,1,0.0,0.0,0.01,0.0,3,30,0,0.06,0.0,829,90.9,32,2,12,8,13,27,18,6,1,13,40.6
Conor Townsend,Ipswich Town,DF,1,0.0,0.27,0.01,0.18,2,8,13,0.0,0.0,80,63.0,7,2,11,8,4,8,38,5,0,6,60.0
Craig Dawson,Wolves,DF,1,0.0,0.0,0.05,0.0,6,20,5,0.09,0.0,484,86.6,22,1,15,3,9,16,28,14,0,21,65.6
Cristian Romero,Tottenham,DF,3,0.06,0.0,0.1,0.04,12,71,3,0.51,0.06,1094,89.5,109,8,35,29,21,18,74,23,0,41,60.3
Crysencio Summerville,West Ham,"FW,MF",2,0.11,0.11,0.19,0.19,29,18,71,0.46,0.07,194,76.4,13,12,13,7,0,13,181,38,13,4,30.8
Curtis Jones,Liverpool,"MF,DF",3,0.19,0.19,0.26,0.06,23,85,67,0.75,0.1,821,93.2,60,16,34,18,5,15,331,50,5,13,52.0
Daichi Kamada,Crystal Palace,MF,1,0.0,0.0,0.07,0.12,23,73,52,0.27,0.0,511,79.5,39,13,43,25,16,19,217,28,4,3,20.0
Dan Burn,Newcastle Utd,DF,3,0.03,0.0,0.05,0.03,9,56,10,0.15,0.05,1578,89.4,35,7,33,19,25,32,103,46,1,127,67.2
Dango Ouattara,Bournemouth,FW,0,0.31,0.18,0.38,0.25,79,43,191,0.9,0.11,367,60.0,21,26,35,26,11,36,497,128,38,45,41.7
Daniel Bentley,Wolves,GK,1,0.0,0.0,0.0,0.0,0,0,0,0.0,0.0,20,58.8,0,0,0,0,0,0,0,0,0,2,100.0
Daniel Muñoz,Crystal Palace,DF,3,0.13,0.13,0.14,0.14,49,83,183,0.38,0.13,1004,75.8,53,31,109,70,39,35,556,89,15,56,43.4
Danilo,Nott'ham Forest,"MF,FW",1,0.0,0.0,0.0,0.0,2,11,1,0.0,0.0,89,78.1,13,0,6,3,3,2,13,0,0,1,50.0
Danny Ings,West Ham,"FW,MF",2,0.32,0.63,0.72,0.41,6,5,29,1.58,0.07,63,68.5,4,1,4,2,1,5,73,27,2,8,44.4
Danny Ward,Leicester City,GK,1,0.0,0.0,0.0,0.0,0,0,0,0.0,0.0,41,77.4,2,0,0,0,0,0,0,0,0,0,0.0
Danny Welbeck,Brighton,FW,2,0.44,0.19,0.39,0.05,19,40,80,0.97,0.17,352,84.0,15,12,22,13,5,16,315,90,7,15,38.5
Dara O'Shea,Ipswich Town,DF,3,0.0,0.06,0.04,0.02,3,71,8,0.06,0.0,1112,77.7,83,3,47,30,31,59,118,48,0,103,56.6
Darwin Núñez,Liverpool,FW,2,0.44,0.18,0.44,0.11,22,27,67,1.06,0.16,147,70.7,9,2,18,15,3,6,186,62,12,16,35.6
David Brooks,Bournemouth,"FW,MF",2,0.22,0.0,0.24,0.18,25,27,75,1.08,0.09,245,74.2,15,15,11,4,5,16,241,32,8,7,41.2
David Raya,Arsenal,GK,1,0.0,0.0,0.0,0.0,0,13,0,0.0,0.0,979,74.6,41,2,0,0,2,0,0,0,0,10,100.0
Dean Henderson,Crystal Palace,GK,1,0.0,0.0,0.0,0.0,0,0,0,0.0,0.0,672,61.8,20,1,2,1,0,0,1,1,0,11,91.7
Dean Huijsen,Bournemouth,DF,3,0.12,0.04,0.08,0.08,36,116,10,0.12,0.17,1204,83.4,146,7,33,23,49,36,131,30,0,64,61.0
Declan Rice,Arsenal,MF,3,0.1,0.24,0.11,0.22,88,180,92,0.37,0.07,1304,83.5,126,35,52,24,25,24,693,77,16,31,56.4
Dejan Kulusevski,Tottenham,"MF,FW",0,0.28,0.16,0.17,0.24,118,122,207,0.67,0.15,644,73.9,61,52,43,23,13,27,701,154,39,10,41.7
Destiny Udogie,Tottenham,DF,3,0.0,0.05,0.01,0.07,54,120,93,0.05,0.0,947,87.4,88,6,74,47,21,40,383,49,12,13,50.0
Diego Carlos,Aston Villa,DF,1,0.0,0.0,0.07,0.0,3,34,0,0.11,0.0,534,88.6,23,1,8,3,5,13,15,6,0,11,52.4
Diego Gómez,Brighton,MF,1,0.0,0.0,0.09,0.1,5,20,14,0.0,0.0,206,79.8,12,5,17,10,7,11,83,5,0,7,70.0
Diogo Dalot,Manchester Utd,DF,3,0.0,0.1,0.06,0.07,62,102,164,0.16,0.0,1336,80.5,61,25,67,39,37,22,557,66,16,38,64.4
Diogo Jota,Liverpool,FW,2,0.49,0.25,0.6,0.15,36,33,86,1.07,0.13,201,69.6,29,3,14,8,7,9,240,90,20,21,41.2
Djed Spence,Tottenham,DF,3,0.06,0.12,0.03,0.1,53,98,68,0.18,0.1,875,86.0,73,17,39,30,17,22,277,24,7,17,58.6
Dominic Calvert-Lewin,Everton,FW,2,0.17,0.06,0.35,0.04,22,19,107,0.96,0.06,177,62.8,19,5,9,7,6,6,257,83,16,84,51.2
Dominic Solanke,Tottenham,FW,2,0.34,0.13,0.43,0.13,29,45,88,1.02,0.14,250,71.0,27,9,18,11,0,18,284,111,14,44,42.7
Dominik Szoboszlai,Liverpool,MF,0,0.2,0.2,0.28,0.25,65,114,120,0.8,0.08,1015,84.5,78,31,31,20,9,35,574,96,17,18,45.0
Donyell Malen,Aston Villa,FW,2,0.92,0.0,0.66,0.02,11,5,25,2.76,0.2,48,69.6,2,1,7,4,0,1,86,23,7,4,50.0
Dwight McNeil,Everton,"MF,FW",2,0.29,0.29,0.08,0.27,35,63,74,0.71,0.16,420,73.7,38,33,11,6,5,7,339,24,5,3,16.7
Eberechi Eze,Crystal Palace,"MF,FW",0,0.15,0.31,0.31,0.2,65,85,141,0.92,0.04,707,74.6,46,32,37,22,11,26,537,86,21,6,14.3
Eddie Nketiah,Crystal Palace,"FW,MF",2,0.1,0.1,0.44,0.15,37,17,65,1.23,0.03,165,75.0,11,4,12,5,2,10,178,59,13,18,36.7
Ederson,Manchester City,GK,1,0.0,0.18,0.0,0.07,0,1,0,0.0,0.0,730,88.2,20,1,0,0,1,0,0,0,0,4,80.0
Edmond-Paris Maghoma,Brentford,"MF,FW",1,0.0,0.0,0.09,0.08,4,13,4,0.0,0.0,76,90.5,2,0,2,1,1,2,27,4,1,1,25.0
Edson Álvarez,West Ham,MF,3,0.0,0.06,0.02,0.04,21,75,18,0.06,0.0,763,85.7,80,11,44,23,16,21,174,12,2,28,58.3
Elliot Anderson,Nott'ham Forest,MF,3,0.08,0.23,0.06,0.12,44,118,82,0.27,0.06,895,77.8,93,18,79,50,28,41,477,59,18,43,66.2
Emerson Palmieri,West Ham,DF,3,0.09,0.04,0.09,0.07,44,64,82,0.31,0.13,827,79.9,49,13,57,29,20,32,348,27,8,16,47.1
Emi Buendía,Aston Villa,"MF,FW",1,0.0,0.0,0.6,0.02,3,7,6,0.0,0.0,49,81.7,4,1,6,6,0,5,31,3,0,0,0.0
Emil Krafth,Newcastle Utd,DF,1,0.0,0.0,0.01,0.03,3,7,1,0.0,0.0,104,80.0,6,0,4,2,2,5,19,4,0,5,50.0
Emile Smith Rowe,Fulham,MF,3,0.29,0.1,0.21,0.05,50,120,115,0.48,0.17,844,90.1,76,15,31,18,11,20,449,55,11,6,26.1
Emiliano Martínez,Aston Villa,GK,1,0.0,0.0,0.0,0.02,0,4,0,0.0,0.0,1018,79.1,24,0,3,3,0,1,0,0,0,8,88.9
Emmanuel Agbadou,Wolves,DF,1,0.0,0.0,0.02,0.02,3,22,1,0.08,0.0,663,85.0,26,1,27,18,9,16,22,5,0,22,57.9
Enes Ünal,Bournemouth,"FW,MF",2,0.52,0.26,0.72,0.1,4,12,22,1.83,0.1,63,63.6,4,4,1,0,0,1,95,26,1,24,52.2
Enzo Fernández,Chelsea,MF,3,0.17,0.24,0.19,0.22,57,196,115,0.63,0.1,1397,80.0,155,39,61,30,11,32,698,73,8,13,32.5
Erling Haaland,Manchester City,FW,2,0.76,0.11,0.76,0.1,19,18,103,1.96,0.19,225,66.0,9,7,9,5,5,11,344,170,19,49,52.1
Ethan Nwaneri,Arsenal,"FW,MF",2,0.44,0.22,0.12,0.11,44,30,102,0.88,0.18,307,80.2,16,13,11,7,2,8,298,40,16,4,36.4
Ethan Pinnock,Brentford,DF,3,0.09,0.0,0.05,0.05,3,41,9,0.28,0.2,924,85.6,48,4,35,19,24,29,109,24,0,63,59.4
Evan Ferguson,Brighton,FW,2,0.37,0.0,0.2,0.15,2,1,9,0.73,0.14,43,74.1,1,0,4,3,0,3,26,9,2,4,30.8
Evan Ferguson,West Ham,FW,1,0.0,0.0,0.35,0.19,1,0,6,0.62,0.0,26,78.8,0,0,2,0,1,2,29,10,1,5,38.5
Evanilson,Bournemouth,FW,2,0.44,0.04,0.51,0.07,28,24,88,1.27,0.15,215,70.0,14,3,16,10,0,10,263,116,14,39,40.2
Ezri Konsa,Aston Villa,DF,3,0.03,0.0,0.03,0.01,17,77,11,0.1,0.11,1425,92.8,95,1,32,17,21,18,100,20,2,31,58.5
Fabian Schär,Newcastle Utd,DF,3,0.14,0.0,0.07,0.01,14,95,17,0.35,0.14,1458,83.6,139,10,32,19,40,36,127,31,2,40,39.6
Fabio Carvalho,Brentford,"FW,MF",2,0.4,0.2,0.49,0.13,9,17,23,0.99,0.17,126,70.8,11,5,13,9,3,6,113,22,0,2,25.0
Facundo Buonanotte,Leicester City,"FW,MF",3,0.24,0.12,0.23,0.19,38,52,69,0.61,0.12,430,76.6,40,13,53,32,11,32,300,36,8,17,32.7
Ferdi Kadioglu,Brighton,"DF,MF",1,0.23,0.0,0.1,0.04,1,15,27,0.23,0.25,144,82.3,10,9,10,6,8,2,72,9,0,3,75.0
Filip Jørgensen,Chelsea,GK,1,0.0,0.0,0.0,0.0,0,0,0,0.0,0.0,158,83.6,1,0,0,0,0,0,0,0,0,0,0.0
Flynn Downes,Southampton,MF,3,0.05,0.0,0.03,0.05,25,63,28,0.14,0.1,890,90.1,54,12,44,24,30,24,210,21,4,14,51.9
Fraser Forster,Tottenham,GK,1,0.0,0.0,0.0,0.0,0,0,0,0.0,0.0,168,84.8,1,0,0,0,0,0,0,0,0,1,100.0
Gabriel Jesus,Arsenal,FW,2,0.44,0.0,0.44,0.1,15,19,57,1.04,0.15,156,76.8,10,9,10,6,4,10,165,48,11,9,33.3
Gabriel Magalhães,Arsenal,DF,3,0.11,0.04,0.1,0.03,10,126,11,0.19,0.14,1480,90.2,145,8,25,15,16,42,225,40,0,53,58.9
Gabriel Martinelli,Arsenal,"FW,MF",0,0.31,0.18,0.26,0.21,112,47,267,0.88,0.15,446,71.0,11,32,20,15,4,10,586,168,59,15,33.3
George Hirst,Ipswich Town,FW,2,0.55,0.18,0.28,0.06,9,13,29,0.91,0.3,58,55.8,1,4,3,3,2,1,87,23,6,30,60.0
Georginio Rutter,Brighton,"MF,FW",2,0.27,0.16,0.25,0.14,42,67,79,0.65,0.1,237,66.8,30,16,39,15,10,20,326,79,16,25,35.2
Gonçalo Guedes,Wolves,"MF,FW",2,0.23,0.46,0.26,0.13,32,31,60,0.8,0.11,192,72.7,13,17,14,4,5,9,180,28,5,3,21.4
Guglielmo Vicario,Tottenham,GK,1,0.0,0.0,0.0,0.0,0,1,0,0.0,0.0,709,88.8,1,0,0,0,1,0,0,0,0,9,100.0
Guido Rodríguez,West Ham,MF,1,0.0,0.0,0.02,0.01,2,31,5,0.09,0.0,419,84.1,36,1,30,16,12,21,56,2,0,8,53.3
Hamza Choudhury,Leicester City,"MF,DF",1,0.0,0.0,0.0,0.27,4,3,6,0.0,0.0,72,85.7,10,1,1,1,5,4,20,3,2,0,0.0
Harrison Reed,Fulham,MF,1,0.0,0.0,0.21,0.07,1,4,7,1.65,0.0,39,70.9,1,1,6,3,1,1,40,5,0,1,33.3
Harry Amass,Manchester Utd,DF,1,0.0,0.0,0.01,0.01,5,4,12,0.0,0.0,77,82.8,3,0,4,1,1,3,46,2,1,5,83.3
Harry Clarke,Ipswich Town,DF,1,0.0,0.0,0.02,0.01,5,14,2,0.24,0.0,190,80.5,21,1,5,3,4,5,47,2,0,10,71.4
Harry Maguire,Manchester Utd,DF,3,0.06,0.0,0.09,0.02,6,43,6,0.3,0.08,812,86.2,42,3,26,13,37,14,62,37,3,51,70.8
Harry Toffolo,Nott'ham Forest,DF,1,0.0,0.0,0.01,0.0,0,2,4,0.0,0.0,47,70.1,1,0,5,3,2,2,34,2,0,1,100.0
Harry Wilson,Fulham,"FW,MF",2,0.45,0.09,0.33,0.1,17,48,83,0.99,0.16,297,73.9,25,13,14,9,5,13,273,48,8,4,18.2
Harry Winks,Leicester City,MF,1,0.0,0.12,0.01,0.07,19,101,11,0.23,0.0,910,87.1,110,7,24,11,9,19,151,1,0,8,57.1
Harvey Barnes,Newcastle Utd,FW,0,0.57,0.25,0.4,0.24,74,69,159,1.02,0.17,402,79.3,21,34,16,9,6,7,374,102,41,5,26.3
Harvey Elliott,Liverpool,"MF,FW",2,0.0,0.45,0.33,0.39,7,26,23,0.9,0.0,156,81.3,15,4,4,3,1,4,105,15,5,1,33.3
Hwang Hee-chan,Wolves,"MF,FW",2,0.28,0.0,0.11,0.02,15,12,41,0.41,0.4,159,81.5,7,4,6,4,2,9,124,24,7,3,25.0
Hákon Rafn Valdimarsson,Brentford,GK,1,0.0,0.0,0.0,0.0,0,0,0,0.0,0.0,46,65.7,2,0,0,0,0,0,0,0,0,1,100.0
Ian Maatsen,Aston Villa,DF,1,0.09,0.19,0.07,0.25,27,40,91,0.47,0.06,530,81.8,20,15,27,15,15,11,297,41,11,8,57.1
Ibrahim Sangaré,Nott'ham Forest,MF,1,0.0,0.31,0.01,0.12,0,14,2,0.31,0.0,131,80.4,11,2,18,10,3,5,34,7,0,6,42.9
Ibrahima Konaté,Liverpool,DF,3,0.04,0.08,0.07,0.04,21,103,3,0.12,0.06,1581,90.3,125,8,36,25,12,27,110,22,0,72,72.0
Idrissa Gana Gueye,Everton,MF,3,0.0,0.1,0.03,0.05,26,134,24,0.16,0.0,1116,86.5,136,10,124,74,44,45,321,20,4,23,60.5
Igor,Brighton,DF,1,0.0,0.0,0.0,0.02,9,44,0,0.0,0.0,628,92.1,35,2,4,4,4,23,38,1,0,8,57.1
Iliman Ndiaye,Everton,FW,0,0.28,0.0,0.21,0.06,81,50,115,0.52,0.16,543,80.8,35,14,48,25,17,27,435,77,30,6,24.0
Illia Zabarnyi,Bournemouth,DF,3,0.0,0.0,0.03,0.02,25,128,4,0.0,0.0,1262,81.6,134,6,46,32,38,33,69,13,0,72,64.3
Ismaila Sarr,Crystal Palace,"MF,FW",0,0.26,0.15,0.33,0.26,67,76,164,0.9,0.15,438,66.6,26,36,21,10,8,22,441,118,26,31,40.3
Issa Diop,Fulham,DF,1,0.0,0.0,0.04,0.01,6,25,3,0.13,0.0,663,87.5,43,1,26,12,9,10,26,13,0,20,62.5
Jack Clarke,Ipswich Town,"FW,MF",1,0.0,0.34,0.08,0.17,32,35,47,0.17,0.0,266,76.4,25,6,28,17,7,6,187,32,9,7,33.3
Jack Grealish,Manchester City,"FW,MF",0,0.12,0.12,0.14,0.23,69,52,118,0.62,0.07,381,87.6,23,16,9,5,2,12,324,71,46,1,12.5
Jack Harrison,Everton,FW,0,0.05,0.0,0.16,0.17,64,45,116,0.28,0.04,379,63.1,26,25,30,21,9,18,429,62,14,4,13.3
Jack Hinshelwood,Brighton,"DF,MF",1,0.11,0.11,0.08,0.07,16,60,46,0.32,0.14,800,83.4,33,9,26,18,14,8,293,26,1,19,57.6
Jack Stephens,Southampton,DF,1,0.07,0.0,0.04,0.01,13,53,2,0.15,0.25,786,92.0,47,5,32,19,11,15,95,11,1,6,42.9
Jack Taylor,Ipswich Town,MF,1,0.12,0.0,0.08,0.06,11,41,21,0.47,0.06,306,82.3,29,8,20,10,9,10,89,8,1,7,50.0
Jacob Greaves,Ipswich Town,DF,3,0.05,0.0,0.06,0.0,7,53,8,0.19,0.13,827,86.2,63,1,36,19,18,36,75,17,0,65,63.1
Jacob Murphy,Newcastle Utd,FW,0,0.35,0.48,0.24,0.35,69,63,210,0.65,0.2,593,68.2,46,34,22,15,11,31,556,83,24,4,21.1
Jacob Ramsey,Aston Villa,"FW,MF",0,0.06,0.18,0.09,0.13,57,67,105,0.24,0.06,479,85.4,31,21,30,15,7,21,344,67,19,6,37.5
Jaden Philogene Bidace,Aston Villa,"FW,MF",1,0.0,0.0,0.13,0.08,7,4,17,0.0,0.0,63,73.3,1,3,11,5,3,5,66,14,7,0,0.0
Jaden Philogene Bidace,Ipswich Town,"FW,DF",2,0.38,0.0,0.37,0.05,13,10,36,0.95,0.17,95,72.5,7,4,14,7,10,11,101,18,5,5,62.5
Jadon Sancho,Chelsea,FW,0,0.16,0.22,0.11,0.18,96,86,214,0.38,0.13,624,82.5,25,46,10,6,2,9,544,116,55,5,33.3
Jahmai Simpson-Pusey,Manchester City,DF,1,0.0,0.0,0.0,0.0,1,3,0,0.0,0.0,107,93.0,3,0,1,0,0,1,3,1,0,1,25.0
Jake O'Brien,Everton,DF,1,0.13,0.0,0.05,0.04,7,43,24,0.19,0.4,509,78.3,41,8,24,16,4,16,135,18,2,33,55.0
Jakub Kiwior,Arsenal,DF,1,0.11,0.0,0.02,0.03,5,36,0,0.11,0.33,532,90.9,47,3,13,7,3,8,53,4,1,8,53.3
Jakub Stolarczyk,Leicester City,GK,1,0.0,0.0,0.0,0.0,0,1,0,0.0,0.0,177,68.3,2,0,2,1,0,0,0,0,0,4,100.0
James Bree,Southampton,DF,1,0.0,0.1,0.01,0.09,10,31,34,0.1,0.0,440,83.8,26,6,15,10,8,8,150,10,0,12,70.6
James Garner,Everton,"MF,DF",1,0.0,0.07,0.02,0.09,12,46,22,0.14,0.0,504,75.0,50,6,41,27,17,15,213,9,1,10,55.6
James Hill,Bournemouth,DF,1,0.0,0.2,0.06,0.05,3,16,8,0.0,0.0,159,64.9,20,6,15,8,9,5,54,8,0,14,53.8
James Justin,Leicester City,DF,3,0.07,0.03,0.05,0.02,39,87,92,0.2,0.08,1093,77.8,74,21,49,29,44,41,365,37,4,61,56.0
James Maddison,Tottenham,MF,0,0.45,0.35,0.29,0.21,45,164,95,0.85,0.23,1021,81.3,123,32,31,19,12,15,576,77,20,5,41.7
James Mcatee,Manchester City,"MF,FW",2,0.89,0.0,0.83,0.1,7,6,26,1.18,0.25,86,78.9,7,2,4,2,2,8,75,20,1,2,40.0
James Milner,Brighton,MF,1,0.0,0.0,0.09,0.12,1,10,10,0.0,0.0,55,75.3,3,1,5,2,2,4,31,4,0,0,0.0
James Tarkowski,Everton,DF,3,0.03,0.03,0.04,0.09,9,75,3,0.12,0.07,1045,81.0,83,11,64,40,41,57,106,57,0,102,75.6
James Ward-Prowse,West Ham,MF,1,0.0,0.11,0.06,0.12,9,45,4,0.22,0.0,523,87.6,60,4,13,9,5,6,119,5,0,5,55.6
James Ward-Prowse,Nott'ham Forest,MF,1,0.0,0.23,0.01,0.25,1,16,3,0.23,0.0,145,79.7,16,2,4,1,5,3,45,1,0,3,37.5
Jamie Vardy,Leicester City,FW,2,0.27,0.1,0.36,0.1,27,20,110,0.75,0.13,243,66.8,10,9,18,13,5,8,248,105,14,49,49.0
Jan Bednarek,Southampton,DF,3,0.07,0.0,0.02,0.02,5,59,2,0.07,0.4,1547,92.7,72,1,35,18,54,44,41,15,1,68,65.4
Jan Paul van Hecke,Brighton,DF,3,0.03,0.03,0.04,0.05,53,209,5,0.17,0.06,1795,87.9,202,16,39,25,23,32,153,30,0,73,60.3
Jannik Vestergaard,Leicester City,DF,1,0.0,0.0,0.01,0.01,3,32,2,0.13,0.0,870,90.7,34,1,22,10,16,21,28,10,0,26,57.8
Jarell Quansah,Liverpool,DF,1,0.0,0.0,0.03,0.02,2,12,4,0.0,0.0,206,90.4,18,1,10,7,5,5,25,5,1,5,38.5
Jarrad Branthwaite,Everton,DF,3,0.0,0.04,0.04,0.03,9,61,2,0.11,0.0,909,82.2,80,2,36,20,23,30,63,23,2,53,58.2
Jarrod Bowen,West Ham,"FW,MF",0,0.31,0.24,0.25,0.22,97,85,183,1.03,0.11,510,71.8,37,42,36,23,16,21,596,150,55,11,20.0
Jason Steele,Brighton,GK,1,0.0,0.0,0.0,0.0,0,0,0,0.0,0.0,101,90.2,0,0,0,0,0,0,0,0,0,1,50.0
Jean-Clair Todibo,West Ham,DF,1,0.0,0.0,0.01,0.0,9,28,5,0.0,0.0,761,87.9,40,1,36,22,20,23,38,9,0,23,50.0
Jean-Philippe Mateta,Crystal Palace,FW,2,0.52,0.07,0.45,0.11,37,46,114,0.92,0.2,269,65.0,31,15,17,12,2,16,310,86,8,59,38.3
Jean-Ricner Bellegarde,Wolves,"MF,FW",2,0.12,0.35,0.08,0.21,49,39,83,0.29,0.1,415,78.7,27,17,37,22,10,19,295,45,11,9,33.3
Jefferson Lerma,Crystal Palace,"MF,DF",3,0.0,0.04,0.04,0.06,11,86,24,0.31,0.0,775,75.5,83,17,30,15,36,32,223,26,0,39,50.6
Jeffrey Schlupp,Crystal Palace,"MF,DF",1,0.0,0.0,0.14,0.14,4,5,9,1.75,0.0,39,78.0,4,2,2,0,0,6,41,6,1,3,42.9
Jens Cajuste,Ipswich Town,MF,1,0.05,0.0,0.02,0.03,23,46,16,0.05,0.1,576,82.4,45,5,39,19,25,24,185,11,3,12,36.4
Jeremy Doku,Manchester City,"FW,MF",0,0.19,0.39,0.07,0.28,189,66,259,0.58,0.13,558,79.3,12,44,28,19,4,10,705,135,90,0,0.0
Jesper Lindstrøm,Everton,FW,1,0.0,0.07,0.15,0.15,30,25,81,0.73,0.0,297,69.4,18,12,45,25,12,15,303,40,7,6,33.3
Joachim Andersen,Crystal Palace,DF,1,0.0,0.0,0.04,0.0,1,4,1,1.0,0.0,61,73.5,9,1,1,1,0,0,5,0,0,2,100.0
Joachim Andersen,Fulham,DF,3,0.0,0.0,0.04,0.01,13,105,2,0.16,0.0,1485,82.8,176,6,25,17,30,33,93,20,1,63,63.6
Joe Aribo,Southampton,"MF,DF",3,0.14,0.0,0.13,0.07,35,71,64,0.33,0.18,878,88.5,50,4,44,30,20,24,294,44,12,25,54.3
Joe Gomez,Liverpool,DF,1,0.0,0.0,0.06,0.02,5,35,2,0.35,0.0,377,88.7,29,0,13,10,7,9,37,5,1,9,69.2
Joe Lumley,Southampton,GK,1,0.0,0.0,0.0,0.0,0,0,0,0.0,0.0,106,70.2,2,0,0,0,0,0,0,0,0,2,66.7
Joe Willock,Newcastle Utd,"MF,FW",1,0.0,0.19,0.14,0.18,34,35,76,0.28,0.0,262,81.9,23,8,25,14,5,22,212,47,12,5,27.8
Joelinton,Newcastle Utd,"MF,FW",3,0.15,0.11,0.15,0.09,40,116,110,0.49,0.09,863,82.7,80,17,57,35,23,37,448,83,9,59,56.2
John McGinn,Aston Villa,"MF,FW",3,0.04,0.18,0.13,0.15,31,96,72,0.22,0.04,658,82.5,66,27,31,22,14,21,319,52,6,16,59.3
John Stones,Manchester City,"DF,MF",2,0.33,0.0,0.07,0.01,10,21,2,0.33,1.0,367,91.1,42,0,6,2,4,5,68,4,0,8,57.1
Jonny Evans,Manchester Utd,DF,1,0.0,0.0,0.03,0.0,1,8,2,0.0,0.0,174,88.8,9,1,7,5,4,2,11,2,0,8,72.7
Jordan Ayew,Leicester City,"FW,MF",2,0.32,0.0,0.19,0.06,42,37,77,0.51,0.14,353,72.9,22,12,24,13,12,16,282,49,9,33,37.9
Jordan Pickford,Everton,GK,1,0.0,0.03,0.0,0.01,0,0,0,0.0,0.0,971,66.5,68,8,1,0,1,0,0,0,0,4,80.0
Jorge Cuenca,Fulham,DF,1,0.0,0.0,0.01,0.0,0,9,0,0.0,0.0,102,83.6,7,0,2,2,2,3,6,1,0,6,66.7
Jorginho,Arsenal,MF,1,0.0,0.0,0.01,0.05,12,48,6,0.0,0.0,410,86.7,44,10,12,4,7,3,130,3,0,1,14.3
Joshua Acheampong,Chelsea,DF,1,0.0,0.0,0.12,0.0,0,8,0,0.0,0.0,104,83.9,6,0,2,1,1,1,8,3,0,1,14.3
Joshua Zirkzee,Manchester Utd,"FW,MF",2,0.19,0.06,0.31,0.1,14,44,69,0.71,0.11,292,71.2,26,6,14,8,6,15,219,56,4,21,28.0
José Sá,Wolves,GK,1,0.0,0.0,0.0,0.01,0,2,0,0.0,0.0,544,63.8,18,1,2,2,0,0,0,0,0,9,90.0
Jota Silva,Nott'ham Forest,"FW,MF",2,0.32,0.11,0.22,0.31,20,18,58,0.75,0.14,115,60.5,4,9,25,13,12,9,178,45,8,21,43.8
João Félix,Chelsea,"FW,MF",2,0.24,0.24,0.54,0.23,21,26,30,1.22,0.05,171,85.9,22,8,8,3,3,2,125,30,5,4,44.4
João Gomes,Wolves,MF,3,0.1,0.03,0.09,0.04,53,148,68,0.23,0.09,1262,84.9,107,22,105,62,25,42,451,42,6,9,27.3
João Pedro,Brighton,"FW,MF",0,0.46,0.28,0.41,0.23,66,78,128,0.69,0.12,482,72.9,42,36,16,12,9,12,508,122,30,41,48.8
Joël Veltman,Brighton,DF,3,0.0,0.0,0.03,0.03,29,79,32,0.05,0.0,716,80.0,61,8,42,28,18,22,240,10,3,21,53.8
Joško Gvardiol,Manchester City,DF,3,0.15,0.0,0.13,0.06,81,251,98,0.33,0.14,2321,90.9,237,20,51,34,38,40,727,85,13,48,59.3
Julian Araujo,Bournemouth,DF,1,0.0,0.0,0.0,0.0,3,14,19,0.0,0.0,157,78.5,17,1,8,3,6,3,47,2,0,2,22.2
Julio Enciso,Ipswich Town,"FW,MF",2,0.25,0.38,0.19,0.16,16,22,33,1.27,0.08,148,70.8,13,7,11,8,1,3,128,16,6,7,30.4
Julio Enciso,Brighton,"MF,FW",2,0.0,0.0,0.31,0.07,11,14,17,3.37,0.0,99,66.0,13,4,0,0,0,2,116,20,4,6,54.5
Jurriën Timber,Arsenal,DF,3,0.04,0.11,0.05,0.03,57,146,104,0.15,0.07,1194,85.6,107,17,58,38,22,19,505,66,11,22,52.4
Justin Devenny,Crystal Palace,MF,2,0.21,0.0,0.14,0.09,4,16,12,0.84,0.13,120,70.6,15,4,14,9,0,3,80,7,1,2,13.3
Justin Kluivert,Bournemouth,"MF,FW",0,0.5,0.25,0.42,0.2,74,95,153,0.92,0.11,533,74.3,41,32,21,9,13,24,581,115,34,7,21.9
Jáder Durán,Aston Villa,FW,2,0.99,0.0,0.69,0.03,7,13,44,2.12,0.23,115,70.6,10,1,8,7,0,5,122,47,2,19,50.0
Jørgen Strand Larsen,Wolves,FW,2,0.48,0.07,0.37,0.09,16,28,106,1.17,0.25,272,63.1,18,4,9,6,5,18,284,104,9,66,40.7
Kai Havertz,Arsenal,"FW,MF",2,0.44,0.15,0.46,0.12,34,59,110,1.03,0.17,401,78.5,26,8,16,9,6,22,403,103,18,62,45.9
Kalvin Phillips,Ipswich Town,MF,1,0.0,0.0,0.03,0.02,4,51,4,0.15,0.0,436,79.1,49,6,35,19,19,35,122,5,0,7,24.1
Kamaldeen Sulemana,Southampton,"FW,MF",1,0.08,0.08,0.1,0.08,57,26,76,0.61,0.04,253,79.8,6,13,16,14,6,9,272,50,23,9,30.0
Kaoru Mitoma,Brighton,"FW,MF",0,0.32,0.11,0.31,0.16,138,82,277,0.89,0.17,701,75.3,34,32,43,26,13,46,734,156,55,24,47.1
Kasey McAteer,Leicester City,"FW,MF",1,0.0,0.15,0.1,0.09,16,11,52,0.59,0.0,143,71.5,8,6,14,11,3,13,128,21,8,10,38.5
Keane Lewis-Potter,Brentford,"DF,FW",0,0.03,0.1,0.08,0.1,92,88,143,0.46,0.04,869,77.2,56,40,44,26,19,24,463,69,34,26,44.1
Kenny Tete,Fulham,DF,3,0.0,0.12,0.07,0.05,33,50,47,0.12,0.0,669,81.3,60,9,50,34,29,22,287,32,7,18,60.0
Kepa Arrizabalaga,Bournemouth,GK,1,0.0,0.0,0.0,0.0,0,2,0,0.0,0.0,671,71.9,9,0,1,0,0,1,1,1,0,7,87.5
Kevin Danso,Tottenham,DF,1,0.0,0.0,0.07,0.01,10,17,1,0.37,0.0,342,88.4,22,2,5,4,2,6,24,7,0,12,60.0
Kevin De Bruyne,Manchester City,"MF,FW",0,0.23,0.41,0.22,0.44,47,135,137,0.82,0.08,799,76.0,80,51,17,9,7,8,739,71,18,4,21.1
Kevin Schade,Brentford,FW,0,0.36,0.09,0.29,0.15,56,32,144,0.9,0.17,287,58.9,29,9,34,23,5,15,450,124,34,76,54.7
Kieran Tierney,Arsenal,"DF,FW",1,0.0,0.0,0.1,0.43,5,12,22,0.0,0.0,96,82.1,7,5,5,4,2,0,67,4,1,3,37.5
Kieran Trippier,Newcastle Utd,DF,3,0.0,0.23,0.01,0.1,25,106,52,0.0,0.0,942,82.1,65,17,36,19,11,9,371,12,4,19,57.6
Kiernan Dewsbury-Hall,Chelsea,"MF,FW",1,0.0,0.35,0.08,0.37,5,14,11,0.0,0.0,127,83.6,12,3,8,5,1,2,58,6,0,0,0.0
Kobbie Mainoo,Manchester Utd,MF,3,0.0,0.0,0.04,0.1,21,56,38,0.13,0.0,627,86.1,45,9,39,24,19,16,235,32,10,18,40.0
Konstantinos Mavropanos,West Ham,DF,3,0.0,0.0,0.07,0.02,16,60,2,0.23,0.0,1010,85.9,60,4,32,22,38,23,62,24,1,56,70.0
Kosta Nedeljković,Aston Villa,DF,1,0.0,0.0,0.0,0.0,1,6,0,0.0,0.0,47,88.7,5,0,7,5,0,1,19,0,0,0,0.0
Kostas Tsimikas,Liverpool,DF,1,0.0,0.14,0.05,0.25,15,67,38,0.27,0.0,447,83.7,39,9,27,17,10,5,195,11,2,5,45.5
Kristoffer Ajer,Brentford,DF,1,0.0,0.0,0.05,0.08,27,52,42,0.19,0.0,483,78.2,41,7,25,17,12,17,158,35,2,27,55.1
Kyle Walker,Manchester City,DF,1,0.0,0.0,0.01,0.04,12,64,11,0.19,0.0,724,87.7,63,7,17,10,3,13,228,5,0,9,56.3
Kyle Walker-Peters,Southampton,DF,3,0.0,0.06,0.03,0.09,114,139,144,0.19,0.0,1493,88.2,119,30,44,29,19,27,540,59,24,11,34.4
Lamare Bogarde,Aston Villa,"DF,MF",1,0.0,0.0,0.01,0.02,12,14,9,0.19,0.0,240,88.2,24,1,14,6,1,5,40,4,1,6,50.0
Leandro Trossard,Arsenal,FW,0,0.31,0.19,0.26,0.2,75,95,207,0.8,0.12,632,73.7,41,43,26,17,9,31,685,143,29,6,21.4
Leif Davis,Ipswich Town,DF,3,0.04,0.07,0.03,0.15,48,55,117,0.07,0.07,854,71.5,30,26,45,26,25,24,477,36,10,33,60.0
Leny Yoro,Manchester Utd,DF,1,0.0,0.0,0.06,0.0,19,48,4,0.08,0.0,642,92.2,43,4,25,10,17,5,61,13,1,16,51.6
Leon Bailey,Aston Villa,"FW,MF",2,0.08,0.16,0.14,0.12,57,35,121,0.47,0.04,273,70.7,16,20,6,4,3,6,318,69,33,6,40.0
Lesley Ugochukwu,Southampton,MF,3,0.06,0.06,0.05,0.06,29,49,20,0.06,0.1,570,84.9,52,7,49,24,14,26,167,24,6,20,54.1
Levi Colwill,Chelsea,DF,3,0.03,0.03,0.04,0.04,13,124,11,0.1,0.06,2167,89.6,144,7,40,28,31,34,128,35,1,76,59.8
Lewis Cook,Bournemouth,"MF,DF",3,0.03,0.1,0.03,0.13,33,153,49,0.13,0.07,1158,76.8,150,26,80,42,40,30,453,19,4,40,54.1
Lewis Dunk,Brighton,DF,3,0.0,0.0,0.04,0.02,20,142,3,0.14,0.0,1724,90.9,154,6,17,10,12,26,112,21,0,49,62.0
Lewis Hall,Newcastle Utd,DF,3,0.0,0.16,0.02,0.18,41,123,80,0.04,0.0,1300,81.7,114,17,58,41,18,33,414,47,13,30,49.2
Lewis Miley,Newcastle Utd,MF,2,0.36,0.0,0.2,0.01,2,14,7,0.72,0.33,142,87.7,10,4,11,9,2,5,57,5,0,5,50.0
Liam Delap,Ipswich Town,FW,2,0.43,0.07,0.34,0.07,60,30,105,1.01,0.16,211,61.2,16,6,10,7,2,8,326,89,29,53,43.4
Lisandro Martínez,Manchester Utd,DF,3,0.1,0.05,0.07,0.06,23,117,7,0.31,0.12,1200,89.4,91,18,40,24,32,22,125,18,2,16,55.2
Lloyd Kelly,Newcastle Utd,DF,1,0.0,0.3,0.12,0.14,0,9,5,0.0,0.0,146,80.7,6,1,5,4,1,6,19,4,0,6,75.0
Lucas Bergvall,Tottenham,MF,3,0.0,0.07,0.05,0.04,33,49,31,0.15,0.0,629,87.4,53,7,39,19,24,18,232,22,4,9,52.9
Lucas Digne,Aston Villa,DF,3,0.0,0.16,0.03,0.17,23,55,140,0.12,0.0,932,75.2,43,29,63,37,25,23,526,28,4,35,56.5
Lucas Paquetá,West Ham,"MF,FW",3,0.16,0.0,0.21,0.12,20,140,82,0.12,0.05,1047,77.4,121,41,63,35,17,27,428,56,2,47,45.2
Luis Díaz,Liverpool,FW,0,0.49,0.2,0.4,0.2,103,103,269,1.09,0.18,697,84.3,45,43,33,21,7,18,668,155,55,12,26.7
Luis Guilherme,West Ham,"MF,FW",1,0.0,0.0,0.19,0.05,3,3,13,0.65,0.0,47,83.9,3,3,1,0,3,7,37,4,1,2,66.7
Luis Sinisterra,Bournemouth,"FW,MF",2,0.38,0.38,0.46,0.54,19,6,38,2.29,0.08,73,78.5,6,2,7,2,1,3,96,23,10,3,30.0
Luke Shaw,Manchester Utd,DF,1,0.0,0.0,0.02,0.37,6,18,7,0.0,0.0,159,84.1,12,3,3,2,2,2,37,4,0,3,100.0
Luke Thomas,Leicester City,DF,1,0.0,0.0,0.04,0.03,3,30,13,0.0,0.0,418,79.3,27,3,25,20,18,13,99,7,2,11,50.0
Luke Woolfenden,Ipswich Town,DF,1,0.0,0.0,0.0,0.0,7,15,0,0.0,0.0,496,88.3,31,0,9,6,19,21,9,3,0,15,50.0
Mads Hermansen,Leicester City,GK,1,0.0,0.0,0.0,0.0,0,1,0,0.0,0.0,654,61.0,20,1,1,1,0,1,0,0,0,4,80.0
Mads Roerslev,Brentford,DF,1,0.0,0.16,0.02,0.24,17,51,54,0.16,0.0,422,78.7,37,11,18,8,4,12,146,20,0,10,41.7
Malo Gusto,Chelsea,DF,3,0.0,0.05,0.08,0.06,48,118,84,0.2,0.0,1168,86.4,107,18,43,28,23,29,438,42,8,8,34.8
Manuel Akanji,Manchester City,DF,3,0.0,0.0,0.04,0.02,38,138,6,0.05,0.0,1427,93.9,153,11,16,11,7,11,353,11,0,26,47.3
Manuel Ugarte Ribeiro,Manchester Utd,MF,3,0.06,0.06,0.05,0.06,12,55,19,0.17,0.06,715,87.5,52,9,70,43,25,27,190,15,1,17,48.6
Marc Cucurella,Chelsea,DF,3,0.14,0.03,0.09,0.06,30,104,108,0.31,0.18,1529,88.0,108,12,58,38,23,40,486,72,2,29,36.3
Marc Guéhi,Crystal Palace,DF,3,0.09,0.06,0.06,0.04,22,126,8,0.22,0.21,1377,83.3,127,11,56,31,25,53,137,31,1,66,56.9
Marco Asensio,Aston Villa,"MF,FW",2,0.5,0.17,0.7,0.14,16,34,26,1.33,0.18,185,80.4,15,8,7,5,1,2,147,24,4,0,0.0
Marcos Senesi,Bournemouth,DF,1,0.0,0.0,0.07,0.02,12,51,5,0.0,0.0,493,76.6,73,12,35,21,11,15,67,12,0,23,46.0
Marcus Rashford,Manchester Utd,"FW,MF",2,0.37,0.09,0.16,0.19,20,21,79,0.83,0.25,253,73.8,13,16,7,4,4,8,222,34,12,5,41.7
Marcus Rashford,Aston Villa,FW,2,0.41,0.41,0.62,0.46,22,13,42,1.01,0.06,117,71.3,2,9,10,7,1,2,159,30,15,1,11.1
Marcus Tavernier,Bournemouth,"FW,MF",0,0.16,0.27,0.29,0.15,41,102,106,0.81,0.06,553,72.5,64,30,41,24,5,16,523,51,7,25,44.6
Mario Lemina,Wolves,"MF,DF",3,0.07,0.2,0.09,0.07,8,48,21,0.33,0.06,493,80.4,43,13,51,31,27,12,119,18,2,25,61.0
Mark Flekken,Brentford,GK,1,0.0,0.06,0.0,0.02,0,0,0,0.0,0.0,1144,73.3,45,2,4,4,0,2,0,0,0,4,100.0
Mark Travers,Bournemouth,GK,1,0.0,0.0,0.0,0.0,0,0,0,0.0,0.0,100,70.4,3,0,0,0,0,0,0,0,0,1,100.0
Marshall Munetsi,Wolves,"MF,FW",1,0.1,0.1,0.31,0.15,7,8,26,0.51,0.07,125,72.7,4,2,21,10,6,12,94,24,3,24,57.1
Martin Dúbravka,Newcastle Utd,GK,1,0.0,0.0,0.0,0.0,0,0,0,0.0,0.0,265,79.6,0,0,0,0,0,0,0,0,0,4,100.0
Martin Ødegaard,Arsenal,MF,0,0.08,0.3,0.19,0.21,82,240,144,0.55,0.02,1141,82.9,120,81,19,11,4,5,801,105,23,8,53.3
Mason Mount,Manchester Utd,"MF,FW",1,0.0,0.0,0.35,0.05,9,18,20,0.72,0.0,123,79.9,9,3,8,2,2,7,81,18,2,3,33.3
Massimo Luongo,Ipswich Town,MF,1,0.0,0.0,0.0,0.0,0,5,1,0.0,0.0,43,75.4,1,0,8,5,2,4,19,1,0,1,100.0
Mateo Kovačić,Manchester City,MF,3,0.26,0.04,0.08,0.16,52,149,15,0.53,0.15,1604,92.6,189,28,67,38,20,20,567,16,3,9,52.9
Mateus Fernandes,Southampton,MF,3,0.07,0.1,0.13,0.09,73,131,102,0.48,0.05,1003,79.9,91,21,86,46,21,40,511,46,8,13,59.1
Matheus Cunha,Wolves,"MF,FW",0,0.56,0.22,0.29,0.27,104,131,147,1.48,0.15,743,71.9,89,54,35,21,17,19,643,117,36,10,27.0
Matheus Nunes,Manchester City,"DF,MF",0,0.06,0.3,0.05,0.25,59,69,156,0.18,0.14,957,86.3,45,25,32,21,13,14,560,54,22,13,44.8
Mathias Jensen,Brentford,MF,1,0.0,0.23,0.03,0.18,6,55,26,0.11,0.0,332,75.1,39,17,13,9,8,13,184,9,0,8,61.5
Mathys Tel,Tottenham,FW,2,0.32,0.0,0.35,0.15,16,13,50,0.97,0.06,132,73.3,9,9,6,2,0,3,152,30,7,1,33.3
Mats Wieffer,Brighton,"MF,DF",1,0.13,0.26,0.1,0.17,12,49,17,0.52,0.13,452,86.4,45,5,33,19,11,13,154,14,1,23,56.1
Matt Doherty,Wolves,DF,3,0.09,0.05,0.05,0.07,29,76,40,0.14,0.2,1003,82.6,88,14,37,20,21,26,179,25,4,48,71.6
Matt O'Riley,Brighton,MF,2,0.12,0.12,0.23,0.18,17,33,45,0.71,0.05,271,79.0,26,7,15,9,12,6,179,36,6,4,36.4
Matthijs de Ligt,Manchester Utd,DF,3,0.09,0.0,0.11,0.01,7,55,6,0.39,0.11,1225,90.1,63,2,30,22,33,29,56,29,0,57,66.3
Matty Cash,Aston Villa,DF,3,0.05,0.05,0.02,0.05,46,39,75,0.2,0.1,642,79.2,37,9,47,27,21,18,257,37,4,17,47.2
Matz Sels,Nott'ham Forest,GK,1,0.0,0.0,0.0,0.0,0,1,0,0.0,0.0,454,50.5,39,2,1,1,0,0,0,0,0,14,87.5
Max Aarons,Bournemouth,DF,1,0.0,0.0,0.0,0.0,1,8,3,0.0,0.0,50,79.4,8,0,2,2,1,3,15,0,0,0,0.0
Max Kilman,West Ham,DF,3,0.0,0.03,0.04,0.04,29,106,6,0.06,0.0,1511,86.9,100,4,30,17,37,55,103,30,2,101,67.8
Maxence Lacroix,Crystal Palace,DF,3,0.03,0.03,0.09,0.02,8,59,7,0.16,0.04,1093,81.9,66,2,67,40,50,41,72,36,0,54,55.1
Michael Kayode,Brentford,DF,1,0.0,0.0,0.03,0.06,4,2,11,0.0,0.0,58,65.9,3,1,11,7,2,0,31,7,2,1,50.0
Michael Keane,Everton,DF,1,0.21,0.0,0.05,0.01,1,12,3,0.32,0.25,258,81.6,17,0,10,7,10,11,18,14,0,20,58.8
Michail Antonio,West Ham,FW,2,0.11,0.11,0.24,0.17,29,18,59,0.43,0.05,114,60.6,11,6,2,2,0,6,151,36,9,17,43.6
Micky van de Ven,Tottenham,DF,1,0.0,0.19,0.05,0.11,8,51,1,0.19,0.0,706,91.0,50,1,10,6,10,9,36,9,1,19,51.4
Miguel Almirón,Newcastle Utd,FW,1,0.0,0.0,0.3,0.15,3,6,18,1.15,0.0,54,81.8,3,1,3,2,0,2,36,9,2,0,0.0
Mikel Merino,Arsenal,"MF,FW",2,0.38,0.13,0.28,0.12,9,62,88,0.76,0.19,422,78.0,34,24,38,22,14,18,300,72,4,57,52.3
Mikey Moore,Tottenham,"FW,MF",1,0.0,0.49,0.1,0.16,9,7,30,0.0,0.0,48,71.6,1,5,0,0,1,1,65,12,4,1,20.0
Mikkel Damsgaard,Brentford,"MF,FW",3,0.07,0.35,0.09,0.26,63,209,117,0.24,0.06,984,73.0,149,66,74,41,25,34,622,70,9,12,32.4
Milos Kerkez,Bournemouth,DF,3,0.06,0.15,0.02,0.11,96,144,169,0.15,0.12,1215,75.2,80,36,50,26,42,36,654,58,15,25,34.7
Mohamed Salah,Liverpool,FW,0,0.84,0.54,0.71,0.38,142,129,425,1.4,0.17,811,71.3,49,82,20,11,7,11,993,320,113,9,42.9
Mohammed Kudus,West Ham,"FW,MF",0,0.15,0.08,0.25,0.09,88,74,194,0.77,0.06,640,83.6,42,26,33,19,4,23,558,115,39,10,22.2
Moisés Caicedo,Chelsea,MF,3,0.03,0.06,0.02,0.09,38,194,33,0.09,0.06,1792,89.7,215,31,100,63,47,44,421,12,2,30,66.7
Morato,Nott'ham Forest,DF,1,0.0,0.0,0.02,0.0,0,14,1,0.11,0.0,181,74.2,11,0,21,13,10,11,19,2,0,5,27.8
Morgan Gibbs-White,Nott'ham Forest,MF,0,0.18,0.26,0.17,0.16,63,145,116,0.66,0.09,861,78.1,114,35,39,18,18,14,560,86,12,37,44.0
Morgan Rogers,Aston Villa,"FW,MF",0,0.25,0.25,0.2,0.23,108,117,177,0.6,0.15,628,73.9,71,52,36,18,5,25,553,135,33,11,20.4
Murillo,Nott'ham Forest,DF,3,0.03,0.0,0.04,0.03,20,102,5,0.15,0.04,1016,77.9,116,12,52,36,30,66,93,20,1,42,68.9
Mykhailo Mudryk,Chelsea,FW,1,0.0,0.0,0.15,0.58,7,5,12,0.6,0.0,28,66.7,2,2,2,2,0,3,38,6,0,2,33.3
Myles Lewis-Skelly,Arsenal,DF,1,0.08,0.0,0.01,0.03,32,62,33,0.08,0.5,604,90.7,55,8,22,14,6,2,225,14,5,8,44.4
Nathan Aké,Manchester City,DF,1,0.0,0.0,0.03,0.0,12,50,2,0.0,0.0,509,93.9,42,1,9,7,3,7,61,5,1,13,56.5
Nathan Broadhead,Ipswich Town,"MF,FW",2,0.15,0.0,0.22,0.1,17,12,27,0.89,0.1,149,76.0,10,4,7,3,4,6,109,19,4,1,10.0
Nathan Collins,Brentford,DF,3,0.06,0.09,0.07,0.05,28,113,18,0.18,0.12,1535,85.7,98,7,36,21,32,69,161,65,0,110,65.1
Nathan Patterson,Everton,DF,1,0.0,0.26,0.02,0.11,6,13,18,0.0,0.0,130,73.9,9,5,11,6,2,2,75,5,2,1,12.5
Nathan Wood-Gordon,Southampton,DF,1,0.0,0.0,0.03,0.0,2,17,0,0.0,0.0,363,92.8,11,0,10,7,4,8,27,2,0,11,61.1
Nathaniel Clyne,Crystal Palace,"DF,MF",1,0.0,0.0,0.0,0.06,6,7,8,0.0,0.0,171,76.0,16,2,12,8,3,4,37,3,3,1,12.5
Neco Williams,Nott'ham Forest,DF,3,0.04,0.08,0.09,0.06,57,76,82,0.24,0.03,695,75.6,54,18,73,44,24,39,380,36,14,35,55.6
Neto,Bournemouth,GK,1,0.0,0.0,0.0,0.0,0,0,0,0.0,0.0,40,64.5,2,0,0,0,0,0,0,0,0,0,0.0
Nick Pope,Newcastle Utd,GK,1,0.0,0.0,0.0,0.0,0,1,0,0.0,0.0,484,72.5,2,0,0,0,1,1,0,0,0,11,91.7
Niclas Füllkrug,West Ham,FW,2,0.46,0.31,0.29,0.29,6,9,21,0.76,0.23,84,64.6,8,4,2,2,0,1,76,32,2,26,41.9
Nico O’Reilly,Manchester City,DF,2,0.35,0.0,0.23,0.06,16,17,25,0.53,0.25,304,86.9,28,1,9,4,4,5,130,18,0,5,41.7
Nicolas Jackson,Chelsea,FW,2,0.43,0.21,0.52,0.18,46,37,125,1.36,0.14,291,76.2,22,10,19,11,3,13,349,137,30,18,34.0
Nicolás Domínguez,Nott'ham Forest,"MF,FW",3,0.0,0.05,0.08,0.07,12,66,26,0.38,0.0,709,87.0,71,9,75,40,27,34,247,25,2,21,52.5
Nicolás González,Manchester City,MF,1,0.0,0.0,0.04,0.01,5,46,10,0.0,0.0,520,92.9,48,4,15,6,5,9,143,7,1,16,59.3
Nikola Milenković,Nott'ham Forest,DF,3,0.12,0.06,0.11,0.03,3,49,6,0.21,0.15,728,81.1,48,2,43,26,24,39,82,59,2,92,71.9
Noni Madueke,Chelsea,FW,0,0.37,0.16,0.43,0.2,133,63,208,1.57,0.1,452,77.5,12,33,22,15,8,14,531,163,80,10,40.0
Noussair Mazraoui,Manchester Utd,DF,3,0.0,0.03,0.02,0.05,37,102,51,0.1,0.0,1409,85.5,118,18,102,60,34,33,318,27,3,47,62.7
Nélson Semedo,Wolves,DF,3,0.0,0.14,0.03,0.09,61,70,109,0.2,0.0,973,80.1,63,25,58,34,23,28,416,24,9,27,39.7
Odsonne Édouard,Crystal Palace,"MF,FW",1,0.0,0.0,0.31,0.04,2,4,7,0.78,0.0,17,60.7,2,0,1,0,0,1,18,8,2,1,20.0
Ola Aina,Nott'ham Forest,DF,3,0.07,0.03,0.02,0.03,56,95,55,0.07,0.22,868,73.3,78,18,54,41,31,32,354,21,10,12,40.0
Oleksandr Zinchenko,Arsenal,"DF,MF",1,0.0,0.2,0.05,0.03,10,37,12,0.0,0.0,313,83.0,26,7,4,1,4,5,130,18,3,11,50.0
Oliver Scarles,West Ham,DF,1,0.0,0.0,0.02,0.0,11,21,39,0.0,0.0,260,78.1,9,5,17,11,10,14,118,7,1,5,50.0
Oliver Skipp,Leicester City,MF,1,0.0,0.0,0.01,0.02,16,31,19,0.09,0.0,392,85.0,30,4,20,4,10,17,90,7,3,10,62.5
Ollie Watkins,Aston Villa,FW,2,0.58,0.27,0.57,0.12,52,29,148,1.27,0.17,284,74.2,12,12,9,6,8,11,368,155,36,47,43.1
Omar Marmoush,Manchester City,"FW,MF",2,0.54,0.0,0.43,0.15,21,29,68,1.44,0.16,203,78.1,8,24,11,6,5,15,271,56,11,5,38.5
Omari Hutchinson,Ipswich Town,"MF,FW",0,0.12,0.08,0.09,0.11,74,71,135,0.62,0.08,604,78.4,44,21,31,12,10,25,480,76,31,6,20.0
Orel Mangala,Everton,MF,1,0.07,0.0,0.08,0.05,6,34,19,0.43,0.06,437,89.2,50,8,16,8,21,8,157,13,3,6,42.9
Pablo Sarabia,Wolves,"MF,FW",2,0.38,0.25,0.36,0.2,12,51,52,1.01,0.18,260,70.1,36,17,15,8,4,10,188,23,0,4,25.0
Pape Matar Sarr,Tottenham,MF,3,0.17,0.11,0.18,0.08,29,79,50,0.72,0.1,824,87.3,82,10,42,30,24,23,279,26,5,24,40.0
Patrick Dorgu,Manchester Utd,DF,1,0.0,0.0,0.06,0.07,25,21,53,0.31,0.0,261,79.6,15,6,23,17,4,8,160,23,4,11,68.8
Patson Daka,Leicester City,"FW,MF",1,0.14,0.0,0.17,0.01,10,8,34,0.55,0.07,101,71.6,6,1,17,9,1,7,94,28,5,10,27.0
Pau Torres,Aston Villa,DF,1,0.0,0.0,0.03,0.0,33,77,4,0.1,0.0,1079,88.7,96,7,20,14,9,14,79,16,0,16,38.1
Paul Onuachu,Southampton,FW,2,0.35,0.09,0.32,0.04,7,13,40,1.31,0.12,156,60.7,13,2,7,2,1,7,160,66,2,90,61.6
Pedro Neto,Chelsea,FW,0,0.19,0.19,0.13,0.25,110,56,220,0.75,0.08,618,78.5,28,33,21,9,8,12,642,102,38,10,27.8
Pedro Porro,Tottenham,DF,3,0.07,0.22,0.06,0.15,63,147,106,0.29,0.05,1324,73.5,120,55,63,46,34,44,749,30,5,11,33.3
Pervis Estupiñán,Brighton,DF,3,0.04,0.04,0.04,0.09,55,115,104,0.3,0.05,1205,83.3,94,31,54,36,30,16,452,29,9,41,61.2
Phil Foden,Manchester City,"MF,FW",0,0.37,0.11,0.27,0.25,47,95,119,0.85,0.13,743,84.0,40,35,12,5,9,12,629,79,15,3,27.3
Philip Billing,Bournemouth,MF,1,0.0,0.0,0.28,0.54,3,15,13,0.49,0.0,70,68.6,9,7,14,5,5,3,57,12,1,6,60.0
Radu Drăgușin,Tottenham,DF,1,0.0,0.0,0.01,0.03,7,37,2,0.07,0.0,716,85.2,52,2,10,6,15,22,30,12,0,33,60.0
Raheem Sterling,Arsenal,"FW,MF",1,0.0,0.41,0.27,0.1,25,17,73,0.0,0.0,141,77.0,4,9,8,4,1,3,190,37,15,1,25.0
Ramón Sosa,Nott'ham Forest,"FW,MF",2,0.33,0.0,0.33,0.16,12,5,15,1.67,0.09,63,67.7,2,5,5,3,3,7,72,15,5,4,36.4
Rasmus Højlund,Manchester Utd,FW,2,0.21,0.0,0.2,0.06,26,16,83,0.52,0.16,224,76.7,12,5,3,1,1,5,201,58,16,23,21.9
Rayan Aït-Nouri,Wolves,DF,3,0.13,0.22,0.08,0.15,79,100,158,0.25,0.12,1309,83.9,67,27,82,52,24,40,605,84,24,20,41.7
Raúl Jiménez,Fulham,FW,2,0.4,0.12,0.45,0.13,32,56,119,1.09,0.08,423,71.0,36,10,33,23,10,19,431,154,17,78,46.4
Reece James,Chelsea,"DF,MF",1,0.11,0.0,0.03,0.06,6,51,9,0.32,0.13,572,84.5,72,5,9,9,12,12,128,4,0,21,77.8
Reiss Nelson,Fulham,FW,2,0.18,0.18,0.2,0.18,45,35,63,1.11,0.08,232,86.6,7,15,8,6,5,11,212,35,21,0,0.0
Renato Veiga,Chelsea,"DF,MF",1,0.0,0.0,0.07,0.0,4,7,3,0.5,0.0,118,84.9,6,1,9,6,1,3,27,3,1,3,50.0
Ricardo Pereira,Leicester City,DF,1,0.0,0.0,0.02,0.0,3,14,5,0.26,0.0,178,82.4,18,0,11,6,2,6,37,5,2,4,66.7
Riccardo Calafiori,Arsenal,DF,1,0.19,0.1,0.08,0.03,21,54,29,0.58,0.2,449,85.4,40,9,26,18,9,12,222,29,3,22,62.9
Richarlison,Tottenham,FW,2,0.88,0.22,0.78,0.2,8,10,19,1.54,0.27,56,65.1,7,4,4,3,0,1,58,26,3,8,32.0
Rico Lewis,Manchester City,"DF,MF",3,0.05,0.1,0.07,0.02,36,104,68,0.1,0.1,1143,92.0,92,14,29,19,13,28,427,42,8,5,27.8
Robert Sánchez,Chelsea,GK,1,0.0,0.0,0.0,0.0,0,1,0,0.0,0.0,790,72.1,24,1,0,0,2,0,0,0,0,8,100.0
Robin Olsen,Aston Villa,GK,1,0.0,0.0,0.0,0.0,0,0,0,0.0,0.0,54,71.1,2,0,1,0,0,0,0,0,0,0,0.0
Rodrigo Bentancur,Tottenham,MF,3,0.12,0.0,0.08,0.03,26,99,34,0.3,0.09,916,88.1,107,12,38,20,36,24,215,24,5,35,56.5
Rodrigo Gomes,Wolves,"DF,FW",2,0.27,0.0,0.08,0.12,22,25,65,0.4,0.33,171,67.1,10,12,21,13,5,8,152,26,7,6,28.6
Rodrigo Muniz,Fulham,FW,2,0.75,0.09,0.54,0.07,6,27,31,1.77,0.21,92,64.8,13,3,10,5,5,9,127,55,3,67,51.5
Roman Dixon,Everton,DF,1,0.0,0.0,0.0,0.0,0,0,1,0.0,0.0,11,57.9,3,0,5,5,1,1,4,0,0,0,0.0
Roméo Lavia,Chelsea,MF,1,0.0,0.15,0.03,0.11,3,23,6,0.0,0.0,302,91.0,39,3,19,11,13,6,58,1,0,10,83.3
Ross Barkley,Aston Villa,MF,2,0.47,0.16,0.27,0.1,15,33,10,0.79,0.2,326,86.0,29,6,14,3,10,9,117,18,2,6,60.0
Ross Stewart,Southampton,FW,1,0.0,0.0,0.08,0.0,1,1,6,0.0,0.0,49,73.1,1,1,3,2,0,3,39,6,1,8,34.8
Ryan Christie,Bournemouth,MF,3,0.09,0.13,0.08,0.15,34,137,44,0.51,0.06,837,79.3,118,33,54,33,30,44,372,46,8,20,41.7
Ryan Fraser,Southampton,"FW,DF",1,0.0,0.0,0.01,0.03,10,8,18,0.29,0.0,77,74.8,3,1,6,2,1,1,37,3,2,2,40.0
Ryan Gravenberch,Liverpool,MF,3,0.0,0.12,0.03,0.09,65,168,54,0.15,0.0,1595,88.9,140,32,65,34,57,34,485,23,9,26,65.0
Ryan Manning,Southampton,"DF,MF",1,0.0,0.06,0.02,0.2,14,35,74,0.06,0.0,619,77.2,33,12,28,17,17,20,321,22,4,15,75.0
Ryan Sessegnon,Fulham,"FW,DF",2,0.77,0.38,0.3,0.18,14,14,51,1.34,0.31,124,76.5,7,3,21,11,3,11,124,38,9,8,44.4
Ryan Yates,Nott'ham Forest,MF,3,0.1,0.05,0.11,0.06,17,47,14,0.44,0.06,588,81.7,46,4,41,21,26,35,256,40,1,43,58.9
Rúben Dias,Manchester City,DF,3,0.0,0.0,0.06,0.01,35,122,6,0.22,0.0,1943,93.6,189,5,16,10,18,17,255,22,1,30,49.2
Sam Johnstone,Wolves,GK,1,0.0,0.0,0.0,0.0,0,0,0,0.0,0.0,184,66.2,6,0,0,0,0,0,0,0,0,4,100.0
Sam Morsy,Ipswich Town,MF,3,0.04,0.04,0.01,0.03,16,104,9,0.07,0.11,1103,86.2,132,13,62,36,28,32,210,4,2,17,42.5
Sammie Szmodics,Ipswich Town,"FW,MF",2,0.37,0.0,0.31,0.02,16,18,46,1.1,0.19,144,74.2,10,4,15,9,6,10,116,33,7,6,35.3
Sander Berge,Fulham,MF,3,0.0,0.0,0.01,0.03,27,116,8,0.0,0.0,1017,91.4,105,4,48,28,20,26,206,13,2,27,57.4
Sandro Tonali,Newcastle Utd,MF,3,0.12,0.08,0.14,0.05,33,113,47,0.4,0.1,1090,83.7,87,25,46,29,30,30,365,40,5,12,52.2
Santiago Bueno,Wolves,DF,1,0.0,0.0,0.02,0.0,1,28,1,0.16,0.0,741,88.0,24,2,40,21,15,35,21,6,0,35,53.0
Saša Lukić,Fulham,MF,3,0.0,0.08,0.05,0.11,37,92,29,0.08,0.0,1027,87.7,97,15,66,37,26,19,307,18,4,18,42.9
Sean Longstaff,Newcastle Utd,MF,1,0.0,0.0,0.07,0.02,4,40,22,0.11,0.0,294,84.5,26,1,27,16,7,17,121,21,2,7,50.0
Sepp van den Berg,Brentford,DF,3,0.0,0.0,0.07,0.01,9,68,27,0.2,0.0,914,84.2,56,3,35,22,19,48,158,41,1,83,56.1
Sergio Reguilón,Tottenham,DF,1,0.0,0.0,0.05,0.02,4,12,10,0.0,0.0,73,69.5,11,2,4,3,2,4,33,3,1,5,71.4
Simon Adingra,Brighton,"FW,MF",2,0.2,0.1,0.22,0.18,35,14,114,0.71,0.08,232,74.8,5,12,21,13,8,11,261,62,19,5,62.5
Solly March,Brighton,"FW,MF",1,0.0,0.0,0.05,0.15,5,2,20,0.0,0.0,60,63.2,2,4,6,3,2,3,73,7,3,1,33.3
Son Heung-min,Tottenham,FW,0,0.31,0.4,0.31,0.37,87,104,259,1.08,0.11,703,79.0,36,51,17,9,5,10,646,117,40,6,35.3
Stefan Ortega,Manchester City,GK,1,0.0,0.0,0.0,0.0,0,0,0,0.0,0.0,373,81.3,6,0,0,0,0,0,0,0,0,2,100.0
Stephy Mavididi,Leicester City,FW,0,0.22,0.06,0.1,0.15,91,57,138,0.39,0.15,460,75.0,32,26,34,19,11,26,421,61,27,9,37.5
Sven Botman,Newcastle Utd,DF,1,0.0,0.0,0.01,0.0,0,3,0,0.0,0.0,119,88.1,9,0,6,4,4,2,6,5,0,11,64.7
Sávio,Manchester City,"FW,MF",0,0.05,0.42,0.25,0.35,133,66,239,1.09,0.02,676,80.9,19,47,22,16,6,13,754,149,73,1,33.3
Séamus Coleman,Everton,DF,1,0.0,0.0,0.26,0.0,1,8,2,0.46,0.0,57,72.2,6,0,2,1,1,5,19,2,0,1,50.0
Taiwo Awoniyi,Nott'ham Forest,FW,2,0.22,0.0,0.47,0.02,6,7,20,0.88,0.1,61,64.2,5,2,6,3,0,1,73,21,2,13,25.5
Tariq Lamptey,Brighton,DF,2,0.24,0.24,0.05,0.09,25,12,40,0.24,0.33,314,82.4,11,5,14,10,6,12,137,9,2,1,7.7
Taylor Harwood-Bellis,Southampton,DF,3,0.03,0.0,0.06,0.03,29,119,9,0.27,0.05,1807,87.9,171,10,27,19,30,60,178,40,0,56,57.1
Thiago,Brentford,FW,1,0.0,0.0,0.07,0.05,3,2,4,0.0,0.0,28,71.8,1,1,2,2,2,0,23,2,1,4,57.1
Thomas Partey,Arsenal,"MF,DF",3,0.14,0.07,0.07,0.07,32,171,47,0.25,0.17,1525,87.3,151,33,80,49,33,25,485,28,3,26,54.2
Tim Iroegbunam,Everton,MF,1,0.0,0.16,0.04,0.03,8,14,9,0.0,0.0,110,71.9,10,1,28,13,15,17,60,12,2,11,73.3
Timo Werner,Tottenham,"FW,MF",2,0.0,0.52,0.17,0.44,42,30,89,0.52,0.0,158,66.9,3,15,6,4,1,10,203,33,18,0,0.0
Timothy Castagne,Fulham,DF,3,0.0,0.05,0.02,0.07,17,62,67,0.16,0.0,780,81.8,51,5,46,29,22,15,259,32,2,34,49.3
Toby Collyer,Manchester Utd,MF,1,0.0,0.0,0.09,0.13,0,5,2,0.0,0.0,76,82.6,3,1,12,9,2,2,25,3,0,3,75.0
Tom Cairney,Fulham,MF,1,0.18,0.0,0.04,0.17,14,47,29,0.36,0.2,482,90.4,46,7,11,5,4,5,196,12,4,4,33.3
Tommy Doyle,Wolves,MF,1,0.0,0.18,0.1,0.09,6,40,4,0.37,0.0,321,81.9,44,3,11,6,5,11,80,4,0,1,14.3
Tomáš Souček,West Ham,MF,3,0.32,0.04,0.24,0.04,6,68,62,0.56,0.16,623,73.8,58,8,40,19,18,34,266,96,3,90,58.1
Tosin Adarabioyo,Chelsea,DF,1,0.07,0.07,0.07,0.02,5,37,1,0.15,0.08,988,91.4,53,1,14,10,10,9,26,13,0,36,58.1
Toti Gomes,Wolves,DF,3,0.0,0.04,0.03,0.04,21,67,15,0.08,0.0,1272,85.1,72,5,53,38,23,28,95,15,0,48,66.7
Trent Alexander-Arnold,Liverpool,DF,3,0.12,0.24,0.07,0.27,49,211,87,0.32,0.07,1357,73.6,192,62,70,49,30,25,618,42,8,3,18.8
Trevoh Chalobah,Crystal Palace,DF,1,0.25,0.0,0.1,0.03,11,34,6,0.34,0.27,349,79.0,27,2,20,16,19,19,51,14,1,22,53.7
Trevoh Chalobah,Chelsea,DF,1,0.0,0.12,0.09,0.14,4,34,2,0.24,0.0,533,90.2,37,3,7,4,7,4,54,11,0,22,68.8
Tyler Adams,Bournemouth,MF,3,0.0,0.16,0.08,0.05,12,65,9,0.11,0.0,757,83.6,57,2,75,46,32,33,194,17,1,29,63.0
Tyler Dibling,Southampton,"FW,MF",3,0.1,0.0,0.13,0.08,68,61,93,0.46,0.07,472,80.7,25,20,34,20,8,19,360,41,26,10,32.3
Tyler Fredricson,Manchester Utd,DF,1,0.0,0.0,0.0,0.0,2,4,0,0.0,0.0,64,92.8,6,0,4,2,1,0,7,1,0,5,71.4
Tyrell Malacia,Manchester Utd,DF,1,0.0,0.0,0.0,0.03,3,3,6,0.0,0.0,49,89.1,7,1,2,1,1,0,15,0,0,0,0.0
Tyrick Mitchell,Crystal Palace,DF,3,0.0,0.13,0.04,0.18,56,62,160,0.06,0.0,904,72.2,45,31,85,52,14,62,452,42,9,18,46.2
Tyrique George,Chelsea,FW,2,0.87,0.87,0.17,0.63,9,2,18,0.87,0.33,38,82.6,0,1,2,0,1,0,33,8,5,0,0.0
Tyrone Mings,Aston Villa,DF,1,0.0,0.0,0.07,0.02,6,39,0,0.09,0.0,581,88.6,47,5,6,5,7,13,43,15,0,26,55.3
Valentino Livramento,Newcastle Utd,DF,3,0.0,0.04,0.01,0.08,72,136,91,0.04,0.0,1228,85.0,94,23,50,33,21,33,404,32,11,22,42.3
Victor Bernth Kristiansen,Leicester City,DF,3,0.0,0.04,0.01,0.05,39,69,75,0.0,0.0,1007,77.6,74,23,85,50,40,37,319,15,5,19,31.1
Victor Lindelöf,Manchester Utd,DF,1,0.0,0.0,0.0,0.02,1,9,1,0.0,0.0,196,93.8,6,2,5,1,7,4,7,3,0,10,43.5
Virgil van Dijk,Liverpool,DF,3,0.06,0.03,0.06,0.02,18,176,6,0.21,0.08,2446,91.6,265,6,35,17,52,24,151,44,3,110,71.0
Vitaliy Mykolenko,Everton,DF,3,0.0,0.03,0.01,0.05,31,105,90,0.0,0.0,908,74.4,96,37,55,33,37,24,416,30,1,46,56.1
Vitaly Janelt,Brentford,MF,3,0.04,0.12,0.03,0.09,17,80,38,0.16,0.07,872,82.5,78,23,38,22,27,33,306,32,3,19,63.3
Vladimír Coufal,West Ham,DF,1,0.0,0.0,0.02,0.06,15,32,25,0.1,0.0,363,77.7,35,12,17,11,8,13,116,10,2,18,60.0
Wataru Endo,Liverpool,MF,1,0.0,0.0,0.0,0.01,0,9,2,0.0,0.0,90,92.8,9,1,8,6,3,5,23,2,1,2,40.0
Welington,Southampton,"DF,MF",1,0.0,0.0,0.02,0.01,3,6,10,0.0,0.0,69,77.5,5,5,13,5,3,3,40,2,1,0,0.0
Wes Burns,Ipswich Town,"FW,DF",1,0.0,0.1,0.05,0.16,38,8,65,0.1,0.0,153,60.5,8,8,13,11,10,7,160,18,10,8,27.6
Wesley Fofana,Chelsea,DF,1,0.0,0.0,0.03,0.03,19,32,4,0.0,0.0,724,90.2,54,1,13,12,14,14,55,10,1,27,69.2
Wilfred Ndidi,Leicester City,MF,3,0.0,0.17,0.09,0.08,17,65,75,0.34,0.0,775,80.3,62,10,81,50,26,47,246,60,2,55,50.0
Will Hughes,Crystal Palace,MF,3,0.0,0.14,0.05,0.13,18,82,24,0.05,0.0,658,76.1,69,14,61,33,19,29,278,14,1,17,50.0
William Osula,Newcastle Utd,FW,2,0.87,0.0,0.1,0.08,2,2,12,0.87,0.33,11,61.1,0,1,1,0,4,0,22,4,0,4,80.0
William Saliba,Arsenal,DF,3,0.06,0.0,0.07,0.03,16,134,6,0.06,0.33,2320,94.2,175,6,60,36,21,24,141,18,1,58,62.4
William Smallbone,Southampton,MF,1,0.14,0.0,0.06,0.09,5,25,23,0.14,0.17,257,77.6,11,3,18,11,2,8,131,14,1,4,66.7
Willian,Fulham,"FW,MF",1,0.0,0.0,0.1,0.17,9,38,31,0.0,0.0,163,85.8,18,10,3,1,1,0,122,6,2,1,33.3
Willy Boly,Nott'ham Forest,DF,1,0.0,0.0,0.04,0.0,0,2,0,0.6,0.0,55,78.6,3,0,6,1,3,4,2,1,0,6,75.0
Wilson Odobert,Tottenham,FW,1,0.0,0.0,0.12,0.15,38,19,54,0.33,0.0,166,77.9,6,10,8,2,3,4,162,31,17,3,42.9
Wout Faes,Leicester City,DF,3,0.04,0.0,0.05,0.0,12,80,1,0.04,0.09,1252,87.7,79,6,39,23,26,45,67,26,2,41,54.7
Woyo Coulibaly,Leicester City,DF,1,0.0,0.0,0.04,0.0,4,3,2,0.83,0.0,48,84.2,3,0,6,4,5,3,20,4,1,0,0.0
Yankuba Minteh,Brighton,"FW,MF",0,0.3,0.24,0.22,0.29,68,37,159,0.78,0.18,283,61.7,12,28,43,31,10,17,389,118,54,16,39.0
Yasin Ayari,Brighton,MF,3,0.05,0.05,0.12,0.11,30,66,59,0.36,0.04,707,81.4,51,17,53,29,20,22,316,43,6,13,40.6
Yehor Yarmoliuk,Brentford,MF,1,0.0,0.0,0.05,0.03,14,48,43,0.16,0.0,499,85.6,58,6,37,23,10,23,167,15,3,8,57.1
Yerson Mosquera,Wolves,DF,1,0.0,0.0,0.07,0.02,0,7,0,0.0,0.0,205,85.4,16,1,11,7,10,13,12,7,0,11,64.7
Yoane Wissa,Brentford,FW,2,0.6,0.11,0.54,0.06,50,57,132,1.23,0.22,399,76.7,41,9,21,11,8,28,375,140,27,28,45.2
Youri Tielemans,Aston Villa,MF,3,0.09,0.21,0.09,0.21,39,234,48,0.36,0.08,1679,82.1,228,37,83,57,22,37,557,42,9,22,55.0
Yukinari Sugawara,Southampton,"DF,MF",1,0.06,0.06,0.03,0.14,32,68,76,0.31,0.08,689,79.9,43,21,29,16,10,17,327,29,7,5,35.7
Yves Bissouma,Tottenham,MF,1,0.15,0.0,0.04,0.02,15,71,3,0.3,0.2,693,89.4,57,10,44,28,14,7,148,5,0,4,36.4
Álex Moreno,Nott'ham Forest,"DF,MF",1,0.0,0.09,0.02,0.12,26,34,34,0.0,0.0,308,72.0,25,9,25,18,15,11,158,8,4,3,21.4
İlkay Gündoğan,Manchester City,MF,3,0.0,0.22,0.12,0.12,57,115,86,0.22,0.0,1408,89.3,97,21,24,13,13,14,664,60,9,13,54.2
Łukasz Fabiański,West Ham,GK,1,0.0,0.0,0.0,0.0,0,0,0,0.0,0.0,304,67.0,4,0,0,0,0,0,0,0,0,2,66.7
